{
  "Component-preload.js": 1602697209325,
  "model/models.js": 1602689891454,
  "manifest.json": 1602697209350,
  "controller/Suppliers.controller.js": 1602689891454,
  "Component.js": 1602689891450,
  "manifest-bundle.zip": 1602697209107,
  "i18n/i18n.properties": 1602689891450,
  "Component-dbg.js": 1602689891450,
  "controller/Suppliers-dbg.controller.js": 1602689891454,
  "model/models-dbg.js": 1602689891454,
  "resources.json": 1602697209353,
  "view/Suppliers.view.xml": 1602690628995,
  "css/style.css": 1602689891450,
  "index.html": 1602689891450
}